{
  "POST-censo" : {
    "transaction" : "POST-censo",
    "sampleCount" : 200,
    "errorCount" : 0,
    "errorPct" : 0.0,
    "meanResTime" : 991.3450000000001,
    "medianResTime" : 994.0,
    "minResTime" : 565.0,
    "maxResTime" : 1567.0,
    "pct1ResTime" : 1230.0000000000002,
    "pct2ResTime" : 1414.649999999999,
    "pct3ResTime" : 1500.94,
    "throughput" : 8.326048041297199,
    "receivedKBytesPerSec" : 14.871427605012281,
    "sentKBytesPerSec" : 9.67899019347654
  },
  "GET-censo form" : {
    "transaction" : "GET-censo form",
    "sampleCount" : 200,
    "errorCount" : 0,
    "errorPct" : 0.0,
    "meanResTime" : 452.6149999999999,
    "medianResTime" : 413.5,
    "minResTime" : 53.0,
    "maxResTime" : 1015.0,
    "pct1ResTime" : 791.0,
    "pct2ResTime" : 845.8499999999999,
    "pct3ResTime" : 986.9200000000001,
    "throughput" : 8.563843452941681,
    "receivedKBytesPerSec" : 10.637899289200993,
    "sentKBytesPerSec" : 1.0955698167337502
  },
  "Total" : {
    "transaction" : "Total",
    "sampleCount" : 1200,
    "errorCount" : 0,
    "errorPct" : 0.0,
    "meanResTime" : 563.7358333333333,
    "medianResTime" : 511.0,
    "minResTime" : 53.0,
    "maxResTime" : 1567.0,
    "pct1ResTime" : 963.8000000000002,
    "pct2ResTime" : 1063.95,
    "pct3ResTime" : 1325.8300000000002,
    "throughput" : 48.506406887909776,
    "receivedKBytesPerSec" : 55.27156640324993,
    "sentKBytesPerSec" : 29.60154007841869
  },
  "POST-censo-0" : {
    "transaction" : "POST-censo-0",
    "sampleCount" : 200,
    "errorCount" : 0,
    "errorPct" : 0.0,
    "meanResTime" : 498.08,
    "medianResTime" : 485.5,
    "minResTime" : 217.0,
    "maxResTime" : 1044.0,
    "pct1ResTime" : 691.8,
    "pct2ResTime" : 769.95,
    "pct3ResTime" : 979.3700000000006,
    "throughput" : 8.373806732540613,
    "receivedKBytesPerSec" : 3.8107362669569587,
    "sentKBytesPerSec" : 8.246196132871379
  },
  "GET voto form" : {
    "transaction" : "GET voto form",
    "sampleCount" : 200,
    "errorCount" : 0,
    "errorPct" : 0.0,
    "meanResTime" : 413.975,
    "medianResTime" : 422.0,
    "minResTime" : 128.0,
    "maxResTime" : 877.0,
    "pct1ResTime" : 634.0,
    "pct2ResTime" : 678.95,
    "pct3ResTime" : 831.4000000000005,
    "throughput" : 8.41184387617766,
    "receivedKBytesPerSec" : 11.196624221904441,
    "sentKBytesPerSec" : 1.4950738139300135
  },
  "POST-censo-1" : {
    "transaction" : "POST-censo-1",
    "sampleCount" : 200,
    "errorCount" : 0,
    "errorPct" : 0.0,
    "meanResTime" : 492.5899999999998,
    "medianResTime" : 503.0,
    "minResTime" : 135.0,
    "maxResTime" : 855.0,
    "pct1ResTime" : 672.7,
    "pct2ResTime" : 701.8,
    "pct3ResTime" : 836.8600000000001,
    "throughput" : 8.404067568703253,
    "receivedKBytesPerSec" : 11.186273531389194,
    "sentKBytesPerSec" : 1.4936916967812421
  },
  "POST-voto" : {
    "transaction" : "POST-voto",
    "sampleCount" : 200,
    "errorCount" : 0,
    "errorPct" : 0.0,
    "meanResTime" : 533.8099999999997,
    "medianResTime" : 535.0,
    "minResTime" : 128.0,
    "maxResTime" : 1059.0,
    "pct1ResTime" : 828.8000000000001,
    "pct2ResTime" : 883.95,
    "pct3ResTime" : 1055.4200000000005,
    "throughput" : 8.423535357789664,
    "receivedKBytesPerSec" : 5.823262382596976,
    "sentKBytesPerSec" : 8.683891699658847
  }
}